,title,description,source,url,sentiment_score
0,Advanced Micro Devices (AMD) Accelerates AI Development: New ROCm Software Enhances GPU Performance,"We recently published a list of 15 AI News Updates Wall Street Is Monitoring. In this article, we are going to take a look at where Advanced Micro Devices...",Yahoo Entertainment,https://finance.yahoo.com/news/advanced-micro-devices-amd-accelerates-110124426.html,0.2
1,Is AMD Stock Finally Better Than NVDA Stock After a 36% Decline?,Advanced Micro Devices (NASDAQ:AMD) stock has tumbled 36% from its 52-week high of $211 in March and trades around $135 as of writing. The decline has been...,Yahoo Entertainment,https://finance.yahoo.com/news/amd-stock-finally-better-nvda-142253161.html,0.28
2,Bezos Backs AI Chipmaker Vying With Nvidia at $2.6 Billion Value,"(Bloomberg) -- Amazon.com Inc. founder Jeff Bezos joined Samsung in a $700 million bet on Tenstorrent, valuing the AI chip startup with ambitions of taking...",Yahoo Entertainment,https://finance.yahoo.com/news/bezos-backs-ai-chipmaker-vying-110000908.html,0.0
3,Advanced Micro Devices (AMD) Shifts to Unified UDNA Tech: AI Capabilities for Future Gaming GPUs,"We recently published a list of 15 AI News You Should Pay Attention To. In this article, we are going to take a look at where Advanced Micro Devices, Inc...",Yahoo Entertainment,https://finance.yahoo.com/news/advanced-micro-devices-amd-shifts-104526132.html,0.2
4,"Advanced Micro Devices, Inc. (AMD): Eyeing $500B AI Server Market by 2028 Amid Workforce Realignment","We recently compiled a list of the 15 AI Stocks That Are Dominating Headlines. In this article, we are going to take a look at where Advanced Micro Devices, ...",Yahoo Entertainment,https://finance.yahoo.com/news/advanced-micro-devices-inc-amd-232940646.html,0.2
5,"Goldman Sachs: Advanced Micro Devices, Inc. (NASDAQ:AMD) Is A Top AI Growth Investor Stock","We recently made a list of Goldman Sachs’ Top Growth Investors: 34 Stocks With The Highest Investment For Growth. In this piece, we will look at where...",Yahoo Entertainment,https://finance.yahoo.com/news/goldman-sachs-advanced-micro-devices-131333819.html,0.25
6,"Intel CEO Pat Gelsinger Retires, Co-CEOs Named","Intel CEO Pat Gelsinger has retired, effective Dec. 1.",Yahoo Entertainment,https://finance.yahoo.com/news/intel-ceo-pat-gelsinger-retires-181309943.html,0.6
7,Trump’s return should favor growth stocks. Here are 10 with the most upside.,Quantitative strategists at Jefferies expect Donald Trump’s return as president to enable a continued run for growth stocks; they suggest avoiding value as...,MarketWatch,https://www.marketwatch.com/story/trumps-return-should-favor-growth-stocks-here-are-10-with-the-most-upside-c99cf800,0.0
8,GlobalFoundries shares jump on strong mobile business growth,Shares of GlobalFoundries Inc. jumped more than 14% today after the company disclosed that its mobile chip business grew much faster than expected in the third quarter. The unit’s strong performance partly offset the declines across the company’s other revenu…,SiliconANGLE News,https://siliconangle.com/2024/11/05/globalfoundries-shares-jump-strong-mobile-business-growth/,0.15138888888888888
9,Powering the AI revolution: How Vultr and AMD are reimagining GPU-accelerated workloads,"Since graphics processing units offer unparalleled speed, efficiency and scalability for specific tasks that are computationally intensive, GPU-accelerated workloads are critical in the artificial intelligence age.  The collaboration between Vultr’s composabl…",SiliconANGLE News,https://siliconangle.com/2024/11/25/vultr-amd-partnership-revolutionizes-gpu-accelerated-workloads-ai-sc24/,-0.19999999999999998
10,Houzz Identifies 6 Bathroom Trends You’ll Want To Incorporate,"From eclectic style to alcove bathtubs and showers, these are the bathroom trends identified by the Houzz Bathroo Trends Report.",Forbes,https://www.forbes.com/sites/terriwilliams/2024/11/18/houzz-identifies-6-bathroom-trends-youll-want-to-incorporate/,0.0
11,"AMD to cut about 1,000 jobs, 4% of staff, so it can double down on AI opportunity","Chipmaker Advanced Micro Devices Inc. says it will lay off 4% of its staff, which works out to be about 1,000 jobs based on its headcount of 26,000 employees at the end of last year. The company explained today that the job cuts are necessary for it to get a …",SiliconANGLE News,https://siliconangle.com/2024/11/13/amd-cut-about-1000-jobs-can-double-ai-opportunity/,0.13333333333333333
12,Advanced Micro Devices (NASDAQ:AMD) Shares Down 0.1% Following Insider Selling,"Advanced Micro Devices, Inc. (NASDAQ:AMD – Get Free Report)’s share price traded down 0.1% during trading on Monday after an insider sold shares in the company. The company traded as low as $144.91 and last traded at $147.76. Approximately 8,776,968 shares we…",ETF Daily News,https://www.etfdailynews.com/2024/11/13/advanced-micro-devices-nasdaqamd-shares-down-0-1-following-insider-selling/,0.040740740740740744
13,Jim Cramer says AMD stock is a buy on Intel’s CEO shakeup — ‘It’s winning’,"Lisa Su, chair and chief executive officer of Advanced Micro Devices Inc. (AMD), during the AMD Advancing AI event in San Jose, California, US, on Wednesday, Dec. 6, 2023. Advanced Micro Devices Inc. unveiled new so-called accelerator chips that it said will …",Biztoc.com,https://biztoc.com/x/a652f15167c569f8,0.31212121212121213
14,Advanced Micro Devices’ (AMD) Buy Rating Reiterated at Benchmark,"Benchmark reissued their buy rating on shares of Advanced Micro Devices (NASDAQ:AMD – Free Report) in a report released on Thursday morning, Benzinga reports. The brokerage currently has a $200.00 price objective on the semiconductor manufacturer’s stock. Sev…",ETF Daily News,https://www.etfdailynews.com/2024/11/03/advanced-micro-devices-amd-buy-rating-reiterated-at-benchmark/,0.2
15,Roth Capital Issues Positive Estimate for AMD Earnings,"Advanced Micro Devices, Inc. (NASDAQ:AMD – Free Report) – Equities researchers at Roth Capital raised their Q2 2025 earnings per share estimates for Advanced Micro Devices in a note issued to investors on Friday, November 22nd. Roth Capital analyst S. Desilva…",ETF Daily News,https://www.etfdailynews.com/2024/11/25/roth-capital-issues-positive-estimate-for-amd-earnings/,0.4000000000000001
16,Roth Capital Has Optimistic View of AMD FY2024 Earnings,"Advanced Micro Devices, Inc. (NASDAQ:AMD – Free Report) – Investment analysts at Roth Capital lifted their FY2024 earnings estimates for shares of Advanced Micro Devices in a research note issued on Wednesday, October 30th. Roth Capital analyst S. Desilva now…",ETF Daily News,https://www.etfdailynews.com/2024/11/06/roth-capital-has-optimistic-view-of-amd-fy2024-earnings/,0.4000000000000001
17,FY2024 EPS Estimates for AMD Increased by Cantor Fitzgerald,"Advanced Micro Devices, Inc. (NASDAQ:AMD – Free Report) – Equities researchers at Cantor Fitzgerald raised their FY2024 earnings estimates for Advanced Micro Devices in a report released on Wednesday, October 30th. Cantor Fitzgerald analyst C. Muse now expect…",ETF Daily News,https://www.etfdailynews.com/2024/11/03/fy2024-eps-estimates-for-amd-increased-by-cantor-fitzgerald/,0.4000000000000001
18,Northland Capmk Has Bullish Forecast for AMD FY2024 Earnings,"Advanced Micro Devices, Inc. (NASDAQ:AMD – Free Report) – Research analysts at Northland Capmk increased their FY2024 EPS estimates for Advanced Micro Devices in a report released on Wednesday, October 30th. Northland Capmk analyst G. Richard now expects that…",ETF Daily News,https://www.etfdailynews.com/2024/11/05/northland-capmk-has-bullish-forecast-for-amd-fy2024-earnings/,0.4000000000000001
19,"Advanced Micro Devices, Inc. (NASDAQ:AMD) Receives $192.79 Average PT from Brokerages","Shares of Advanced Micro Devices, Inc. (NASDAQ:AMD – Get Free Report) have earned a consensus rating of “Moderate Buy” from the thirty-two ratings firms that are currently covering the firm, Marketbeat reports. Three research analysts have rated the stock wit…",ETF Daily News,https://www.etfdailynews.com/2024/11/26/advanced-micro-devices-inc-nasdaqamd-receives-192-79-average-pt-from-brokerages/,0.12000000000000002
20,"GSA Capital Partners LLP Invests $870,000 in Advanced Micro Devices, Inc. (NASDAQ:AMD)","GSA Capital Partners LLP purchased a new stake in shares of Advanced Micro Devices, Inc. (NASDAQ:AMD – Free Report) in the third quarter, according to the company in its most recent filing with the SEC. The fund purchased 5,301 shares of the semiconductor man…",ETF Daily News,https://www.etfdailynews.com/2024/11/17/gsa-capital-partners-llp-invests-870000-in-advanced-micro-devices-inc-nasdaqamd/,0.19090909090909092
21,"Top Analyst Reports for Oracle, Micron Technology & Medtronic","Today's Research Daily features new research reports on 16 major stocks, including Oracle Corporation (ORCL), Micron Technology, Inc. (MU) and Medtronic plc ...",Yahoo Entertainment,https://finance.yahoo.com/news/top-analyst-reports-oracle-micron-212700293.html,0.06628787878787878
22,"Advanced Micro Devices, Inc. (NASDAQ:AMD) Given Average Rating of “Moderate Buy” by Brokerages","Advanced Micro Devices, Inc. (NASDAQ:AMD – Get Free Report) has earned an average recommendation of “Moderate Buy” from the thirty-two brokerages that are presently covering the firm, Marketbeat reports. Three equities research analysts have rated the stock w…",ETF Daily News,https://www.etfdailynews.com/2024/11/03/advanced-micro-devices-inc-nasdaqamd-given-average-rating-of-moderate-buy-by-brokerages/,0.075
23,"Forrest Eugene Norrod Sells 40,540 Shares of Advanced Micro Devices, Inc. (NASDAQ:AMD) Stock","Advanced Micro Devices, Inc. (NASDAQ:AMD – Get Free Report) EVP Forrest Eugene Norrod sold 40,540 shares of the business’s stock in a transaction dated Tuesday, November 5th. The shares were sold at an average price of $141.67, for a total value of $5,743,301…",ETF Daily News,https://www.etfdailynews.com/2024/11/09/forrest-eugene-norrod-sells-40540-shares-of-advanced-micro-devices-inc-nasdaqamd-stock/,0.1625
24,Advanced Micro Devices (NASDAQ:AMD) Stock Price Up 0.3% – Still a Buy?,"Advanced Micro Devices, Inc. (NASDAQ:AMD – Get Free Report)’s stock price was up 0.3% during trading on Friday . The company traded as high as $150.71 and last traded at $150.34. Approximately 8,621,545 shares changed hands during mid-day trading, a decline o…",ETF Daily News,https://www.etfdailynews.com/2024/11/10/advanced-micro-devices-nasdaqamd-stock-price-up-0-3-still-a-buy/,0.11200000000000002
25,Advanced Micro Devices (NASDAQ:AMD) Price Target Raised to $198.00 at Evercore ISI,"Advanced Micro Devices (NASDAQ:AMD – Free Report) had its price target raised by Evercore ISI from $193.00 to $198.00 in a report released on Wednesday, Benzinga reports. Evercore ISI currently has an outperform rating on the semiconductor manufacturer’s stoc…",ETF Daily News,https://www.etfdailynews.com/2024/11/03/advanced-micro-devices-nasdaqamd-price-target-raised-to-198-00-at-evercore-isi/,0.26666666666666666
26,IBM unveils AI collaboration with AMD,"International Business Machines Corporation (IBM) shared on Monday that it is collaborating with Advanced Micro Devices Inc. (AMD) to boost ""performance and power efficiency for Gen AI [generative art...",Biztoc.com,https://biztoc.com/x/6f1052d686116cb4,0.2
27,IBM unveils collaboration with AMD focused on AI,"International Business Machines Corporation (IBM) shared on Monday that it is collaborating with Advanced Micro Devices Inc. (AMD) to boost ""performance and power efficiency for Gen AI [generative art...",Biztoc.com,https://biztoc.com/x/e5972f6864d5dd08,0.2
28,Advanced Micro Devices (NASDAQ:AMD) Price Target Cut to $200.00 by Analysts at Citigroup,"Advanced Micro Devices (NASDAQ:AMD – Free Report) had its price target cut by Citigroup from $210.00 to $200.00 in a report released on Wednesday, Benzinga reports. They currently have a buy rating on the semiconductor manufacturer’s stock. A number of other …",ETF Daily News,https://www.etfdailynews.com/2024/11/03/advanced-micro-devices-nasdaqamd-price-target-cut-to-200-00-by-analysts-at-citigroup/,0.16875
29,"AMD says it will lay off ~4% of its global staff to align “resources with our largest growth opportunities”; SEC filing: AMD had 26,000 employees at 2023's end","This is not investment advice. The author has no position in any of the stocks mentioned. Wccftech.com has a disclosure and ethics policy.
According to a spokesperson, chip designer Advanced Micro Devices, Inc., is laying off a portion of its global workforce…",Biztoc.com,https://biztoc.com/x/9f739d561662194c,0.2
30,Bezos backs AI chipmaker vying with Nvidia at $2.6 billion value,Tenstorrent hopes to create a chip to try and break Nvidia’s stranglehold on the AI business.,Fortune,https://fortune.com/2024/12/02/jeff-bezos-amazon-samsung-tenstorrent-nvidia-ai-chips-valuation/,0.0
31,Three insights you might have missed from SC24,"High-performance computing innovations are redefining the future of enterprise computing, pushing the boundaries of scalability, sustainability and innovation. At the heart of this transformation is the emergence of scalable AI infrastructure, which is democr…",SiliconANGLE News,https://siliconangle.com/2024/12/02/high-performance-computing-innovations-key-insights-sc24/,0.0
32,Red Hat revs up AI workloads with latest OpenShift platform enhancements,"Open-source software giant Red Hat Inc. is upping its game in artificial intelligence development with a host of updates to the Red Hat OpenShift AI platform, announced at KubeCon + CloudNativeCon North America 2024 today in Salt Lake City, Utah. Red Hat Open…",SiliconANGLE News,https://siliconangle.com/2024/11/12/red-hat-revs-ai-workloads-latest-openshift-platform-enhancements/,-0.16666666666666666
33,Multicloud GPU compute-as-a-service startup Kinesis Network goes fully serverless,"Distributed cloud compute-as-a-service startup Kinesis Network Inc. today announced the availability of a new serverless feature for enterprises to access its scalable “always-on” compute resources for artificial intelligence workloads. With the new service, …",SiliconANGLE News,https://siliconangle.com/2024/11/25/multicloud-gpu-compute-service-startup-kinesis-network-goes-fully-serverless/,-0.10909090909090909
34,Nvidia Forecast Fails to Meet Loftiest Estimates for AI Star,"(Bloomberg) -- Nvidia Corp. delivered a revenue forecast that failed to meet the highest expectations, showing that its dizzying AI-fueled growth run has its...",Yahoo Entertainment,https://finance.yahoo.com/news/nvidia-forecast-fails-meet-loftiest-213827540.html,-0.5
35,Cathie Wood's ARK ETF adjusts with AMD and Amazon stock trades,Cathie Wood's ARK ETF adjusts with AMD and Amazon stock trades,Investing.com,https://www.investing.com/news/company-news/cathie-woods-ark-etf-adjusts-with-amd-and-amazon-stock-trades-93CH-3745393,0.0
36,Direct liquid cooling emerges as key to exascale computing efficiency,"Exascale computing is no longer a distant concept, but a reality reshaping how massive computational tasks are approached. However, this rise has brought new challenges, particularly in thermal management. There now exists a growing adoption of direct liquid …",SiliconANGLE News,https://siliconangle.com/2024/11/21/exascale-computing-sc24/,0.060606060606060594
37,"Dell’s stock falls on weak guidance, as more customers hold off for next-gen AI servers","Weak guidance sent Dell Technologies Inc.’s shares into a tailspin today, with the stock down more than 10% in extended trading. The company is forecasting lower server sales, and blamed the shortfall on enterprise customers who are waiting to snap up new sys…",SiliconANGLE News,https://siliconangle.com/2024/11/26/dells-stock-falls-weak-guidance-customers-hold-off-next-gen-ai-servers/,0.0264520202020202
38,"[Latest] Global System on Module Market Size/Share Worth USD 6,235.5 Million by 2033 at a 9.2% CAGR: Custom Market Insights (Analysis, Outlook, Leaders, Report, Trends, Forecast, Segmentation, Growth, Growth Rate, Value)","[220+ Pages Latest Report] According to a market research study published by Custom Market Insights, the demand analysis of Global System on Module Market size & share revenue was valued at approximately USD 2,586.1 Million in 2023 and is expected to reach US…",GlobeNewswire,https://www.globenewswire.com/news-release/2024/11/27/2988339/0/en/Latest-Global-System-on-Module-Market-Size-Share-Worth-USD-6-235-5-Million-by-2033-at-a-9-2-CAGR-Custom-Market-Insights-Analysis-Outlook-Leaders-Report-Trends-Forecast-Segmentation.html,-6.938893903907228e-18
39,"Hackers Claim Access to Nokia Internal Data, Selling for $20,000","Hackers claim to have breached Nokia through a third-party contractor, allegedly stealing SSH keys, source code, and internal…",HackRead,https://hackread.com/hackers-claim-access-nokia-internal-data-selling-20k/,-0.1
40,Maxtang T0-FP750 review – Part 3: An AMD Ryzen 7 8845HS mini PC tested with Ubuntu 24.04,"Review of the Maxtang T0-FP750 mini PC powered by an AMD Ryzen 7 8845HS CPU running Ubuntu 24.04 Linux with benchmarks, features testing, etc.",CNX Software,https://www.cnx-software.com/2024/11/09/maxtang-t0-fp750-review-amd-ryzen-7-8845hs-mini-pc-ubuntu-24-04/,0.0
41,50+ Innovative Websites Showcasing Creative Web Design Trends in Action,"Web design is a mix of creativity and function, where innovation meets user needs. Today’s websites are more than online spaces—they’re tools for engagement, branding, and storytelling. This article explores key web design trends, including dark themes, bold …",Graphicdesignjunction.com,https://graphicdesignjunction.com/2024/11/50-innovative-websites/,0.17083333333333334
42,Tesla and AMD Lead as Market Cap Stock Movers on Monday,Tesla and AMD Lead as Market Cap Stock Movers on Monday,Investing.com,https://www.investing.com/news/stock-market-news/tesla-and-amd-lead-as-market-cap-stock-movers-on-monday-93CH-3728699,0.0
43,"Cisco delivers solid earnings beat, but revenue declines again","Cisco Systems Inc. reported solid fiscal first-quarter financial results that came in ahead of expectations and raised its 2025 full-year revenue outlook, but it couldn’t prevent a fourth successive quarter of declining revenue, and its stock traded lower aft…",SiliconANGLE News,https://siliconangle.com/2024/11/13/cisco-delivers-solid-earnings-beat-revenue-declines/,0.0
44,Dell expands AI Factory with new high-powered servers and dense racks,Dell Technologies Inc. is expanding its AI Factory in announcements being made today at the SC24 high-performance computing conference in Atlanta. The AI Factory is intended to help organizations adopt and scale up artificial intelligence across their operati…,SiliconANGLE News,https://siliconangle.com/2024/11/18/dell-expands-ai-factory-new-high-powered-servers-dense-racks/,-0.6
45,Iridex Comments on Changing Glaucoma Reimbursement Landscape,"MOUNTAIN VIEW, Calif., Nov. 19, 2024 (GLOBE NEWSWIRE) -- Iridex Corporation (Nasdaq: IRIX), a worldwide leader providing innovative and versatile laser-based medical systems, delivery devices, and procedure probes for the treatment of glaucoma and retinal dis…",GlobeNewswire,https://www.globenewswire.com/news-release/2024/11/19/2983591/0/en/Iridex-Comments-on-Changing-Glaucoma-Reimbursement-Landscape.html,0.25
46,"Billionaire Ken Fisher Pours $800,000,000 Into JPMorgan Chase in Massive Bet on US Bank – Here’s His Top Picks As 2025 Arrives","Billionaire Ken Fisher is dramatically increasing his firm’s position in US banking giant JPMorgan Chase. New SEC filings show Fisher, who founded the $244 billion Fisher Asset Management, has increased the firm’s JPMorgan Chase (JPM) holdings by about $800 m…",The Daily Hodl,https://dailyhodl.com/2024/12/02/billionaire-ken-fisher-pours-800000000-into-jpmorgan-chase-in-massive-bet-on-us-bank-heres-his-top-picks-as-2025-arrives/,-0.07272727272727272
47,Applied Materials Announces New Collaboration Model for Advanced Packaging at Summit on Energy-Efficient Computing,"SANTA CLARA, Calif. and SINGAPORE, Nov. 18, 2024 (GLOBE NEWSWIRE) -- Applied Materials, Inc. today announced plans to expand its global EPIC* innovation platform with a new collaboration model specifically designed to accelerate commercialization of advanced …",GlobeNewswire,https://www.globenewswire.com/news-release/2024/11/19/2983290/0/en/Applied-Materials-Announces-New-Collaboration-Model-for-Advanced-Packaging-at-Summit-on-Energy-Efficient-Computing.html,0.1590909090909091
48,Cathie Wood's ARK ETF shifts focus with major stock trades in AMD and TER,Cathie Wood's ARK ETF shifts focus with major stock trades in AMD and TER,Investing.com,https://www.investing.com/news/company-news/cathie-woods-ark-etf-shifts-focus-with-major-stock-trades-in-amd-and-ter-93CH-3743540,0.0625
49,Endpoint Security Market Projected to Reach USD 32.9 Billion by 2032 | Rising Threat Landscape Drives Market Growth | Research by SNS Insider,The endpoint security market is experiencing rapid growth as enterprises worldwide prioritize cybersecurity to combat increasing cyber threats and data breaches. The endpoint security market is experiencing rapid growth as enterprises worldwide prioritize cyb…,GlobeNewswire,https://www.globenewswire.com/news-release/2024/11/22/2985999/0/en/Endpoint-Security-Market-Projected-to-Reach-USD-32-9-Billion-by-2032-Rising-Threat-Landscape-Drives-Market-Growth-Research-by-SNS-Insider.html,0.0
50,Intel appoints interim leaders as CEO retires,Intel appoints interim leaders as CEO retires,Investing.com,https://www.investing.com/news/company-news/intel-appoints-interim-leaders-as-ceo-retires-93CH-3748987,0.0
51,Neural Processor Market to Reach USD 1085.1 Million by 2032 Driven by Advancements in AI-Powered Applications | Research by SNS Insider,The neural processor market is witnessing remarkable growth as artificial intelligence (AI) and machine learning (ML) applications gain traction in various industries. The neural processor market is witnessing remarkable growth as artificial intelligence (AI)…,GlobeNewswire,https://www.globenewswire.com/news-release/2024/11/20/2984452/0/en/Neural-Processor-Market-to-Reach-USD-1085-1-Million-by-2032-Driven-by-Advancements-in-AI-Powered-Applications-Research-by-SNS-Insider.html,0.06000000000000001
52,Kubuntu 22.04 on lutris in GTA 5 works only with integrated graphics card and on a regular integrated card the game runs slowly after 10 minutes,"I have this problem, I have lutris on ubuntu 22.04, deb rockstar version, I run it this way
 ~/.local/share/lutris/runners/wine/wine-ge-8-26-x86_64/bin/wine ~/Games/rockstar-games-launcher/drive_c/Program\ Files/Rockstar\ Games/Launcher/Launcher.exe

It only …",Askubuntu.com,https://askubuntu.com/questions/1532178/kubuntu-22-04-on-lutris-in-gta-5-works-only-with-integrated-graphics-card-and-on,0.0
53,"Microdisplay Market Set to Reach USD 13.82 Billion by 2032, Driven by Expanding AR/VR Applications and Advanced Display Technology | S&S Insider","The increasing demand for immersive experiences in consumer electronics, coupled with advancements in display technology, is driving substantial growth in this market. The increasing demand for immersive experiences in consumer electronics, coupled with advan…",GlobeNewswire,https://www.globenewswire.com/news-release/2024/11/05/2974893/0/en/Microdisplay-Market-Set-to-Reach-USD-13-82-Billion-by-2032-Driven-by-Expanding-AR-VR-Applications-and-Advanced-Display-Technology-S-S-Insider.html,0.0
54,"Microsoft cranks up its AI infrastructure offerings with new VMs, cooling and power delivery tech","Microsoft Corp. wants to be the infrastructure foundation for the next generation of artificial intelligence, catering to everyone from agile startups to multinational corporations, and to do this it’s introducing some significant advancements and upgrades to…",SiliconANGLE News,https://siliconangle.com/2024/11/19/microsoft-cranks-ai-infrastructure-offerings-new-vms-cooling-power-delivery-tech/,0.095
55,Bezos Backs AI Chipmaker Vying With Nvidia at $2.6 Billion Value,"Amazon.com Inc. founder Jeff Bezos joined Samsung in a $700 million bet on Tenstorrent, valuing the AI chip startup with ambitions of taking on Nvidia Corp. at about $2.6 billion.",Financial Post,https://financialpost.com/pmn/business-pmn/bezos-backs-ai-chipmaker-vying-with-nvidia-at-2-6-billion-value,0.0
56,HPE debuts powerful new supercomputer platforms for AI and high-performance computing workloads,"Hewlett Packard Enterprise Co. said today it’s updating its portfolio of high-performance computing platforms. The expanded lineup includes a couple of new HPE Cray Supercoming EX systems, plus a pair of new HPE Proliant servers that have been optimized for a…",SiliconANGLE News,https://siliconangle.com/2024/11/13/hpe-debuts-powerful-new-supercomputer-platforms-ai-high-performance-computing-workloads/,0.13636363636363635
57,"Cathie Wood's ARK sells Spotify, buys more Pinterest stock","Cathie Wood's ARK sells Spotify, buys more Pinterest stock",Investing.com,https://www.investing.com/news/company-news/cathie-woods-ark-sells-spotify-buys-more-pinterest-stock-93CH-3750243,0.5
58,Cloud market share shows vendors eyeing a $1T opportunity,"The ever-expanding cloud has become ubiquitous. No longer is the cloud some remote set of services, somewhere up in the sky. Rather, the cloud is seeping into every industry, hybrid on-premises models, edge workloads and telco markets, and it has its sights s…",SiliconANGLE News,https://siliconangle.com/2024/11/16/cloud-market-share-shows-vendors-eyeing-1t-opportunity/,-0.1
59,AMD El Capitan supercomputer tops global speed ranking,AMD El Capitan supercomputer tops global speed ranking,Investing.com,https://www.investing.com/news/company-news/amd-el-capitan-supercomputer-tops-global-speed-ranking-93CH-3728634,0.0
60,Internet of Things (IoT) Security Strategic Market Report 2024-2030 - Focus on Real-Time Threat Detection and Response in IoT Networks Expands Opportunities,"Components include hardware, software, and services, with software solutions such as firewalls and intrusion detection systems leading the market due to their ability to protect against network-based attacks. Security types include network security, endpoint …",GlobeNewswire,https://www.globenewswire.com/news-release/2024/11/21/2985377/28124/en/Internet-of-Things-IoT-Security-Strategic-Market-Report-2024-2030-Focus-on-Real-Time-Threat-Detection-and-Response-in-IoT-Networks-Expands-Opportunities.html,-0.0625
61,The changing pecking order in semiconductors,"Thanks to AI demand, Nvidia has achieved dominance in the chip industry, replacing Intel as its bellwether stock.&nbsp;",Livemint,https://www.livemint.com/industry/manufacturing/semiconductors-chipmakers-ai-nvidia-intel-amd-tsmc-microsoft-apple-google-gpus-llms-donald-trump-chips-act-asml-11731481193313.html,0.2
62,The 12 Executives Behind Nvidia’s Unprecedented A.I. Domination,"Now the world's most valuable publicly traded company, Nvidia was born at a 1993 meeting at Denny's.",Observer,https://observer.com/2024/11/executives-behind-nvidia-ai-domination/,0.25
63,Lenovo Launches ThinkShield Firmware Assurance for Deep Protection Above and Below the Operating System,Lenovo Launches ThinkShield Firmware Assurance for Deep Protection Above and Below the Operating System,Investing.com,https://www.investing.com/news/press-releases/lenovo-launches-thinkshield-firmware-assurance-for-deep-protection-above-and-below-the-operating-system-93CH-3732649,0.0
64,AMD Announces Versal Premium Series Gen 2 Enabling New Levels of System Acceleration to Meet the Demands of Data-Intensive Workloads,"Extends Versal Gen 2 portfolio with industry’s first FPGA devices featuring CXL 3.1 and PCIe Gen6, with LPDDR5X support, for fast connectivity, more efficient data movement, and unlocking more memory SANTA CLARA, Calif., Nov. 12, 2024 (GLOBE NEWSWIRE) — AMD (…",Financial Post,https://financialpost.com/globe-newswire/amd-announces-versal-premium-series-gen-2-enabling-new-levels-of-system-acceleration-to-meet-the-demands-of-data-intensive-workloads,0.3625
65,Artificial Intelligence Chipsets Research Analysis Report 2024-2030: Advances in Quantum Computing Open New Opportunities for Next-Generation AI Chipsets,"Dublin, Nov. 21, 2024 (GLOBE NEWSWIRE) -- The ""Artificial Intelligence Chipsets - Global Strategic Business Report"" report has been added to ResearchAndMarkets.com's offering.The global market for Artificial Intelligence Chipsets was estimated at US$70.3 Bill…",GlobeNewswire,https://www.globenewswire.com/news-release/2024/11/21/2985317/28124/en/Artificial-Intelligence-Chipsets-Research-Analysis-Report-2024-2030-Advances-in-Quantum-Computing-Open-New-Opportunities-for-Next-Generation-AI-Chipsets.html,-0.3
66,"As Intel Forces CEO Pat Gelsinger Out, What's Next For American Chipmaker","Less than four years after taking the helm of Intel, Chief Executive Pat Gelsinger resigned from the company on Monday following pressure from the board.",NDTV News,https://www.ndtv.com/world-news/as-intel-forces-ceo-pat-gelsinger-out-whats-next-for-american-chipmaker-7159690,-0.08333333333333333
67,Financial Analysis: Actelis Networks (NASDAQ:ASNS) vs. ESCO Technologies (NYSE:ESE),"ESCO Technologies (NYSE:ESE – Get Free Report) and Actelis Networks (NASDAQ:ASNS – Get Free Report) are both industrial products companies, but which is the better business? We will compare the two businesses based on the strength of their valuation, risk, an…",ETF Daily News,https://www.etfdailynews.com/2024/11/25/financial-analysis-actelis-networks-nasdaqasns-vs-esco-technologies-nyseese/,0.43333333333333335
68,Ubuntu 24.1 No Sound From Speakers or Ethernet Cable Detection MSI Laptop,"I am a Linux n00b and recently got an MSI Stealth A16 laptop. It has an Nvidia 4070 GeForce graphics card (which as I have come to learn doesn't always play well with Linux). My laptop doesn't play any audio, nor does the laptop recognize ethernet connection.…",Askubuntu.com,https://askubuntu.com/questions/1533108/ubuntu-24-1-no-sound-from-speakers-or-ethernet-cable-detection-msi-laptop,0.0
69,"Rep. Marjorie Taylor Greene Buys Tesla, Inc. (NASDAQ:TSLA) Stock","Representative Marjorie Taylor Greene (R-Georgia) recently bought shares of Tesla, Inc. (NASDAQ:TSLA). In a filing disclosed on November 04th, the Representative disclosed that they had bought between $1,001 and $15,000 in Tesla stock on November 1st. Represe…",ETF Daily News,https://www.etfdailynews.com/2024/11/06/rep-marjorie-taylor-greene-buys-tesla-inc-nasdaqtsla-stock/,0.0
70,Ceramic Packaging Market to Cross $7.4 Billion by 2030 - Government Initiatives Boosting the Production of Semiconductors and Electronic Components is Driving Industry Growth,"Analysis of Global and Regional Markets by Type, Material Composition, Material, Form Factor, End-user - Forecast to 2030 Analysis of Global and Regional Markets by Type, Material Composition, Material, Form Factor, End-user - Forecast to 2030",GlobeNewswire,https://www.globenewswire.com/news-release/2024/11/27/2988025/28124/en/Ceramic-Packaging-Market-to-Cross-7-4-Billion-by-2030-Government-Initiatives-Boosting-the-Production-of-Semiconductors-and-Electronic-Components-is-Driving-Industry-Growth.html,0.0
71,"Rep. Marjorie Taylor Greene Buys Shares of Meta Platforms, Inc. (NASDAQ:META)","Representative Marjorie Taylor Greene (R-Georgia) recently bought shares of Meta Platforms, Inc. (NASDAQ:META). In a filing disclosed on November 04th, the Representative disclosed that they had bought between $1,001 and $15,000 in Meta Platforms stock on Nov…",ETF Daily News,https://www.etfdailynews.com/2024/11/06/rep-marjorie-taylor-greene-buys-shares-of-meta-platforms-inc-nasdaqmeta/,0.0
72,High Performance Computing Market to Drive Growth at USD 3.87 Billion by 2031,"SkyQuest projects that the Global High-performance Computing (HPC) Market size was valued at USD 1.72 billion in 2022 and is poised to grow from USD 1.90 billion in 2023 to USD 3.87 billion by 2031, growing at a CAGR of 10.7% during the forecast period (2024-…",GlobeNewswire,https://www.globenewswire.com/news-release/2024/11/25/2986504/0/en/High-Performance-Computing-Market-to-Drive-Growth-at-USD-3-87-Billion-by-2031.html,0.0
73,3 ASX mining stocks topping the most-traded list in October,"Chinese stimulus news and company announcements likely contributed to the higher trading activity. 
The post 3 ASX mining stocks topping the most-traded list in October appeared first on The Motley Fool Australia.",Motley Fool Australia,https://www.fool.com.au/2024/11/22/3-asx-mining-stocks-topping-the-most-traded-list-in-october/,0.22000000000000003
74,Reviewing SkyWater Technology (NASDAQ:SKYT) & PENG (NASDAQ:PENG),"SkyWater Technology (NASDAQ:SKYT – Get Free Report) and PENG (NASDAQ:PENG – Get Free Report) are both small-cap computer and technology companies, but which is the superior business? We will compare the two businesses based on the strength of their valuation,…",ETF Daily News,https://www.etfdailynews.com/2024/11/16/reviewing-skywater-technology-nasdaqskyt-peng-nasdaqpeng/,0.5
75,"See only black screen with ""X"" cursor when logging in sometimes","I am currently running Ubuntu 24.04.1 LTS, but this has happened on previous releases too. Some notes:
<ol>
<li>I do see the UI in the log in screen, but this issue (black screen with X cursor) only happens after log in.</li>
<li>Once in this state, I cannot …",Askubuntu.com,https://askubuntu.com/questions/1532237/see-only-black-screen-with-x-cursor-when-logging-in-sometimes,-0.08333333333333333
76,Nvidia Says New Chip Remains on Track After Forecast Disappoints,"Nvidia Corp. assured investors that its new product lineup can maintain the company’s AI-fueled growth run, though the rush to get the chips out the door is proving more costly than expected.",Livemint,https://www.livemint.com/companies/news/nvidia-says-new-chip-remains-on-track-after-forecast-disappoints-11732150369383.html,0.1787878787878788
77,"Nvidia Says New Chip Remains on Track, Helping Soothe Investors","Nvidia Corp. assured investors that its new product lineup will continue to fuel an artificial intelligence-driven growth run, while also signaling that the rush to get chips out the door is proving costlier than expected.",Livemint,https://www.livemint.com/companies/news/nvidia-says-new-chip-remains-on-track-helping-soothe-investors-11732226297903.html,-0.18787878787878787
78,"India POS Terminals Market Analysis and Industry Overview 2024-2029: Growth Projections by Segment, Major Case Studies, Company Profiles, and Investment Analysis","Dublin, Nov. 19, 2024 (GLOBE NEWSWIRE) -- The ""India POS Terminals - Market Share Analysis, Industry Trends & Statistics, Growth Forecasts (2024-2029)"" report has been added to ResearchAndMarkets.com's offering.The India POS Terminals Market size is estimated…",GlobeNewswire,https://www.globenewswire.com/news-release/2024/11/19/2983349/28124/en/India-POS-Terminals-Market-Analysis-and-Industry-Overview-2024-2029-Growth-Projections-by-Segment-Major-Case-Studies-Company-Profiles-and-Investment-Analysis.html,0.0
79,"Global Optical Metasurfaces Markets 2025-2035: From Consumer Electronics to Automotive and Healthcare - Technology Roadmap, Competitive Landscape, Manufacturing and Materials, Trends and Innovations","Dublin, Nov. 18, 2024 (GLOBE NEWSWIRE) -- The ""The Global Market for Optical Metasurfaces 2025-2035"" report has been added to ResearchAndMarkets.com's offering.",GlobeNewswire,https://www.globenewswire.com/news-release/2024/11/18/2982547/28124/en/Global-Optical-Metasurfaces-Markets-2025-2035-From-Consumer-Electronics-to-Automotive-and-Healthcare-Technology-Roadmap-Competitive-Landscape-Manufacturing-and-Materials-Trends-and.html,0.0
80,"Mini LED Market Size to Reach USD 10.19 Billion by 2032, Driven by Increasing Adoption in Display Technology and Enhanced Energy Efficiency | Research by SNS Insider","The rising demand for energy-efficient, high-brightness displays in consumer electronics and automotive applications is a key driver of the Mini LED market. The rising demand for energy-efficient, high-brightness displays in consumer electronics and automotiv…",GlobeNewswire,https://www.globenewswire.com/news-release/2024/11/22/2986008/0/en/Mini-LED-Market-Size-to-Reach-USD-10-19-Billion-by-2032-Driven-by-Increasing-Adoption-in-Display-Technology-and-Enhanced-Energy-Efficiency-Research-by-SNS-Insider.html,0.0
81,"Drug Discovery Market Is Expected To Reach RevenueOf USD 138.5 Bn By 2033, At 9.6% CAGR: Dimension Market Research.","Advancements and Projections in the Global Drug Discovery Market: Insights, Trends, Opportunities, and Recent Developments Advancements and Projections in the Global Drug Discovery Market: Insights, Trends, Opportunities, and Recent Developments",GlobeNewswire,https://www.globenewswire.com/news-release/2024/11/19/2983896/0/en/Drug-Discovery-Market-Is-Expected-To-Reach-RevenueOf-USD-138-5-Bn-By-2033-At-9-6-CAGR-Dimension-Market-Research.html,0.0
82,"Core Cutters Market is expected to reach a revenue of USD 494.4 Mn by 2033, at 5.7% CAGR: Dimension Market Research","The core cutter market is expected to grow with advancements in automation In the coming years, as smart technology, and eco-friendly designs. Increasing demand from the construction, manufacturing, and packaging sectors will drive innovations for better prec…",GlobeNewswire,https://www.globenewswire.com/news-release/2024/11/18/2983003/0/en/Core-Cutters-Market-is-expected-to-reach-a-revenue-of-USD-494-4-Mn-by-2033-at-5-7-CAGR-Dimension-Market-Research.html,0.20476190476190478
83,Ubuntu 22.04 Does not Recognize Second Monitor,I have a server with a fresh install of Ubuntu 22.04.5 LTS (release 22.04) and I am trying to hook up two monitors in extend mode. This server only has a single display port out so I bought a hub which is supposed to allow distributing a single display port s…,Askubuntu.com,https://askubuntu.com/questions/1533469/ubuntu-22-04-does-not-recognize-second-monitor,0.039285714285714285
84,"AMD Radeon HD 8570, active or not, trying to run Sober","Not a geek here. I need help. I am trying to run Sober on my 10 year old desktop for Roblox (for my son).

I searched online, found some info, and followed the instructions, but nothing worked.
https://linuxconfig.org/amd-radeon-ubuntu-20-04-driver-installati…",Askubuntu.com,https://askubuntu.com/questions/1532535/amd-radeon-hd-8570-active-or-not-trying-to-run-sober,0.1
85,"Global Smart Cities Engineering & Construction Services Market to Worth Over 553.87 Billion By 2032 | Investment, Projects, Segment Analysis, and Market Dynamics","The smart cities engineering & construction services market is revolutionizing urban living, integrating cutting-edge technologies and sustainable solutions to enhance infrastructure, mobility, and quality of life, while fostering collaboration between govern…",GlobeNewswire,https://www.globenewswire.com/news-release/2024/12/02/2989967/0/en/Global-Smart-Cities-Engineering-Construction-Services-Market-to-Worth-Over-553-87-Billion-By-2032-Investment-Projects-Segment-Analysis-and-Market-Dynamics.html,0.10714285714285714
86,"Commercial Ovens Market Expected To Reach USD 23766.53 Million by 2032, Growing at CAGR 8.12% | Introspective Market Research","Commercial Ovens Market Size Was Valued at USD 11770.95 Million in 2023, and is Projected to Reach USD 23766.53 Million by 2032, Growing at a CAGR of 8.12% From 2024-2032. Commercial Ovens Market Size Was Valued at USD 11770.95 Million in 2023, and is Project…",GlobeNewswire,https://www.globenewswire.com/news-release/2024/12/02/2989826/0/en/Commercial-Ovens-Market-Expected-To-Reach-USD-23766-53-Million-by-2032-Growing-at-CAGR-8-12-Introspective-Market-Research.html,0.0
87,AMD Confirms Laying Off 4% Of Its Employees To Align Resources With “Largest Growth Opportunities”,"According to a spokesperson, chip designer Advanced Micro Devices, Inc., is laying off a portion of its global workforce. AMD confirmed the development after several anonymous posts on online message boards. AMD, which is currently aggressively targeting the …",Wccftech,https://wccftech.com/amd-confirms-laying-off-4-of-its-employees-to-align-resources-with-largest-growth-opportunities/,0.16
88,"Vulnerability Summary for the Week of November 4, 2024","High Vulnerabilities

<table>

<tr>
<th>PrimaryVendor -- Product</th>
<th>Description</th>
<th>Published</th>
<th>CVSS Score</th>
<th>Source Info</th>
</tr>



<tr>
<td>1000 Projects--Beauty Parlour Management System </td>
<td>A vulnerability, which was cla…",Cisa.gov,https://www.cisa.gov/news-events/bulletins/sb24-317,0.16
89,Fails to boot after boot repair,"My computer(Ubuntu 22.04) fails to boot and instead enters emergency mode. It asks me to either press Enter for maintenance or Ctrl+D to continue. Unfortunately, I don’t recall the exact steps I’ve taken so far to troubleshoot the problem, but my most recent …",Askubuntu.com,https://askubuntu.com/questions/1532600/fails-to-boot-after-boot-repair,-0.025000000000000005
90,amdgpu rocm driver ubuntu 24.04 install,"Всем привет пытаюсь поставить на компуктер c IntelCoreI5 11xxx, AMD radeon 570 драйвера rocm.
Сначала я действовал по оффициальному гайду. link
Но не сработало. clinfo, rocminfo не видели карточку.
Потом я делал через amdgpu-install --usecase=rocm,graphics
Та…",Linux.org.ru,https://www.linux.org.ru/forum/general/17787382,0.0
91,"Vulnerability Summary for the Week of November 18, 2024","High Vulnerabilities

<table>

<tr>
<th>PrimaryVendor -- Product</th>
<th>Description</th>
<th>Published</th>
<th>CVSS Score</th>
<th>Source Info</th>
</tr>



<tr>
<td>1000projects -- bookstore_management_system </td>
<td>A vulnerability, which was classif…",Cisa.gov,https://www.cisa.gov/news-events/bulletins/sb24-331,0.16
92,Machine Learning / Artificial Intelligence Intern/Co-Op (Grad| Spring 2025 | Hybrid),"WHAT YOU DO AT AMD CHANGES EVERYTHING We care deeply about transforming lives with AMD technology to enrich our industry, our communities, and the world. Our mission is to build great products that accelerate next-generation computing experiences – the buildi…",Nlppeople.com,https://nlppeople.com/job/machine-learning-artificial-intelligence-intern-co-op-grad-spring-2025-hybrid/,0.4
93,Windows Defender stuck Quarantining file,"Windows Defender stuck Quarantining file - posted in Virus, Trojan, Spyware, and Malware Removal Help: I was running a scan on my system due to a (somewhat paranoid I admit) suspicion. Defender didnt find anything other than several threats in an official dat…",BleepingComputer,https://www.bleepingcomputer.com/forums/t/803768/windows-defender-stuck-quarantining-file/,-0.08333333333333333
